Recieve Wallet,
0x856786EeA84c39282e8F68B6Bf2b82478ab126cA,
0x94C840ff0DB97bCbD4058AbeD14Ba3721831b622,
0x7117F13c6048cCca52fC540A5a244a5CA28FC9c2,
0x7d6645fEBA93d57d817763350b33C19d9C2ced3C,
0xcEd29BA48490C51E4348e654C313AC97762beCCC,
0x87Af77cB36F03f44EBF47aaaB3ab1241b68fB7eA,
0x4a5BB1c9347A0d4F7e06a29239162f03647d9232,
0xd8190FD3E70A76a2222E692eba259b77ca903594,
0x5ba7614B0b5E901A762AF4c03C6a33D85D7B35DD,
0x529C9428572fFd389b031f7bd5bdC44b3F471D8e,
0xb9b9926DFb2C021FcD8F2366961186A2760716E3,
0xce0d229d6dd09c2c92947294884cb9596bf42735,
0x01204297dB860f097C2902Be6D6aC3e654B89c66,
0x729a9d234E2eAbB0bA5cC7Fb0FAd30EFad5D2694,
0x5425dE1A8A51B3bF428f9740C6C1BD0e179aF4f0,
0x71334D8E5179831aDF90Ed06BAF08Bf27fb97F13,
0x58C4b674E22576E895a59E2bEC960B51491a140E,
0xbF5973e9Ade4EDE093D1b2F660836F223850d7F3,
0x8ce138180F4e688dD081333207B7E94d7963898b,
0x6a104D55eBC2CEA43E1688e7b75881FE81E0Ff34,
0x49Dbf3CB9a5e8cd64444a1d0dFADBcb7cb3f65d7,
0xd0c9fECc2902A23370fC3b412AFF82f4d64F0D55,
0xfa4937670686c09f180c71a9b93e2ffcc3a79f47,
0xa75F9C8246f7269279bE4c969e7Bc6Eb619cC204,
0x899754fEE6E815276aE0A5D47CDFCee68f3da862,
0xd999074F947f9813bDD161Fb2452332ac6a4D695,
0x1F1356Ff901845f4A57f87cEDA516825b4F251f3,
0x572a75a82c7eBAd2C92dD7617740dFdaF420e518,
0x8E79c736De9c10c4b9909077560DcD2F78b0B969,
0xaF23aE2F72331AFFB8EBeBB1a5a8DD68335Ce538,
0x8c902B8839010BB1761201d42f788e7eD9FCFD77,
0xbD8C56382Cf542D9e0087F6a37c565918EE47E1F,
0xE88540354a9565300D2E7109d7737508F4155A4d,
0x296D171a2aF161B53A8780D9d1EF02b1253824D9,
0x0c3e73447Fb3a76aB0ae69C4D1097EED21067E33,
0x57C191389cb4cf776830564e35d2cE3C5b744531,
0x1B3C42BF691A4AB3767A5D7608eF6Ff9E9724721,
0xf2b96F9C0F597C5926ab87af9511AEA8Cd078C43,
0x396E8E9611294D5CA634DD10479ac9C68dF04b03,
0x35CBE900fb6c0b18a60F05820F0458f6a9b17d60,
0x68882cC879F215D0FC862D0e304D6f27676Fd327,
0xa3CdaD986765fB4d6DBa35F960D094dAfbC56Ea2,
0xCcf7872841ba2309ffa42Eb0D4b55dCdCF32908a,
0x2b69cd0C2a939ceC035AB78CA40d186EF1D6F865,
0xcFfBcda5c084e8dC95b8e1604eAeb571D00EF41B,
0xAD5DF4457Ea5AA5CE3a3FdEDC133FCf99E80E087,
0x218aB84E7B59a1beDF3Cd4dEdc96f92b0e888204,
0xFdeD94B78Bb8F41dbA81dbf114E3fA248E0A1d7A,
0xa778ED6b377e63c3c5806197e7B023576F907e82,
0xe94f6DBC5be00cb6B579Bcd50eDB98Bc7F9e6686,
0x22a6324E1f5bdD113226C3DFDA9F959EB2eed7A6,
0x1075f844933c930EA8196795DCAECf3D9d0Fd0be,
0xe5D13EF3E09ccc020A67e03623b1Ad52A00eE91D,
0x5f8287716B31161267b8F360EF8663EED97b755c,
0xd3ed630E67cfEDD5e045F69072b703E857A9f462,
0x68e41f435a7b5E64deb5eb2992dAd631d2778516,
0x25954B95ea02Df586e07688De9543eEa5BaE31d7,
0x7058aC135B6c7f5da17075fC95e966761a51027f,
0x966a6C3A4e973c33EDd0665e22098f6a4d152448,
0x24FEE57DD419AAaA3229047F26BcACDf472163B9,
0x569Df23B53108044DF5A52C6f16b940723aBA60E,
0xc125787cC2E575005D378CC3eb7fF7931A7c59b9,
0xDd3398274D7530624D52a932537ecF40aF620683,
0x8BF99D25C3cC0Bb8ebB13395e323A3Bf78BC2d48,
0xc075BA2F4D65fe520402C12e92bb36ae742eC043,
0x803fD38F0Bcb6f4bffcE7D81D84208fd28822F2c,
0xE787C8b1dD0eb48d8F28160de6ea6f740f8FF530,
0x74b7f2A4b77dD11C690cE7D1f00DDd7Ee9de8d85,
0xa5d06D8417323eECf8c14e83E81205836A07470D,
0xE8aDC97E720D3395992EFbFe15E4B42266fC2a89,
0x617F8D8F6C5E05C50e1aA3B0D221e0E32C2c12E1,
0x2784Aef5B1D396F876e14369a577237d3491E4fB,
0xCF280dF3da6405EabF27E1d85e2c03d3B9047309,
0x9c80810A659b82ffc4bEf410B688202A2938Db9C,
0xbE5F55c1d4DF67c26021C4f520E3d381530508f3,
0x30f5574a4C199372e8393F5f4F36c939757Da878,
0xd2275771391CaE5AFBc05b4160889C4c89Af4d12,
0x1B78de0532be7D4f2599Bb11990A2d563093Ee9b,
0x55cB1646E1ae9f92a9a6e8696DE05f1D164018f2,
0x69fd3e6AECa87797C2B6727651fA3Ec572EFC1D3,
0x8B29fC601150c37F27784095EBa11E08C7240E96,
0x7fD4b72d3Bf681C2e80D6076D7997B21DEf45130,
0xAaD88154D6b5338be746e53021bB8BF75F783a78,
0x51E027a767c07BF1570092c8643490fe0b6E27A2,
0x0AcEb516F5eE664a25ff49aB74d7Fc950cd39ba6,
0xE54fC4A3f9fd8068b9cdF3331f4aD4Fa842c7674,
0xc0B8b7fB5e4A77044D647a2bfF871eF236f0916e,
0x6ec1A58f644CEF420cEe3168c93aaF9f6666Ae5d,
0x710f60f9E449aAE073D6B710714dDC00eE876Df3,
0xa5d06D8417323eECf8c14e83E81205836A07470D,
0x82Fd2F76B91B0b84f486d64eabc79170D36B5800,
0x7B24dDCF028539941EeeaF747F9B38f37016a715,
0xD5Ae8c8675818b09b9e0544A92316Baf5093F1cD,
0xBc5f25bd319fa1655A61225838a07B57B0c0bf01,
0xbbc826890dD80Bc3c6530DEA5719866f4423654b,
0x0c0f593Fb46f12104Ed33eD478d0DF10826f398A,
0x2aa42f9b0B3ddc3404FB6336A31C65CE7675c939,
0x80aCA5A7b867749bE473C6210F6D8E01ce0C502B,